T,nu,rho,N0,a,b,w0,trajectory_path,frequency_path,rmse_D,rmse_Dw,rmse_log_total
41,1.0,1.0,70000,0.0545,1.33,269781,data_simulations/model_T=41_nu=1_rho=1_N0=70000_a=0.0545_b=1.33_w0=269781.dat,data_simulations/n_model_T=41_nu=1_rho=1_N0=70000_a=0.0545_b=1.33_w0=269781.dat,13794.015209176769,15789.023302319874,0.07263333704340998
41,1.0,1.0,80000,0.0545,1.33,269781,data_simulations/model_T=41_nu=1_rho=1_N0=80000_a=0.0545_b=1.33_w0=269781.dat,data_simulations/n_model_T=41_nu=1_rho=1_N0=80000_a=0.0545_b=1.33_w0=269781.dat,12411.827442484044,9787.910086632386,0.06897425755920253
41,1.0,1.0,90000,0.0545,1.33,269781,data_simulations/model_T=41_nu=1_rho=1_N0=90000_a=0.0545_b=1.33_w0=269781.dat,data_simulations/n_model_T=41_nu=1_rho=1_N0=90000_a=0.0545_b=1.33_w0=269781.dat,12437.352253265162,5631.47480038755,0.06700421545821898
41,1.0,1.0,95000,0.0545,1.33,269781,data_simulations/model_T=41_nu=1_rho=1_N0=95000_a=0.0545_b=1.33_w0=269781.dat,data_simulations/n_model_T=41_nu=1_rho=1_N0=95000_a=0.0545_b=1.33_w0=269781.dat,12867.509813720757,4865.663272155195,0.06632101588076793
41,1.0,1.0,95500,0.0545,1.33,269781,data_simulations/model_T=41_nu=1_rho=1_N0=95500_a=0.0545_b=1.33_w0=269781.dat,data_simulations/n_model_T=41_nu=1_rho=1_N0=95500_a=0.0545_b=1.33_w0=269781.dat,12917.71015794208,4862.041810206901,0.06629209902833677
41,1.0,1.0,96000,0.0545,1.33,269781,data_simulations/model_T=41_nu=1_rho=1_N0=96000_a=0.0545_b=1.33_w0=269781.dat,data_simulations/n_model_T=41_nu=1_rho=1_N0=96000_a=0.0545_b=1.33_w0=269781.dat,12974.472872775988,4865.554113027621,0.06622601165281992
41,1.0,1.0,96500,0.0545,1.33,269781,data_simulations/model_T=41_nu=1_rho=1_N0=96500_a=0.0545_b=1.33_w0=269781.dat,data_simulations/n_model_T=41_nu=1_rho=1_N0=96500_a=0.0545_b=1.33_w0=269781.dat,13034.589062168398,4878.4658128145165,0.06621258554456741
41,1.0,1.0,97000,0.0545,1.33,269781,data_simulations/model_T=41_nu=1_rho=1_N0=97000_a=0.0545_b=1.33_w0=269781.dat,data_simulations/n_model_T=41_nu=1_rho=1_N0=97000_a=0.0545_b=1.33_w0=269781.dat,13106.210222013075,4922.113130597468,0.06620792612065725
41,1.0,1.0,97500,0.0545,1.33,269781,data_simulations/model_T=41_nu=1_rho=1_N0=97500_a=0.0545_b=1.33_w0=269781.dat,data_simulations/n_model_T=41_nu=1_rho=1_N0=97500_a=0.0545_b=1.33_w0=269781.dat,13164.496637615886,4968.901518142617,0.06613714628571682
41,1.0,1.0,98000,0.0545,1.33,269781,data_simulations/model_T=41_nu=1_rho=1_N0=98000_a=0.0545_b=1.33_w0=269781.dat,data_simulations/n_model_T=41_nu=1_rho=1_N0=98000_a=0.0545_b=1.33_w0=269781.dat,13219.259158856066,5021.126736520399,0.06614370820485253
41,1.0,1.0,98500,0.0545,1.33,269781,data_simulations/model_T=41_nu=1_rho=1_N0=98500_a=0.0545_b=1.33_w0=269781.dat,data_simulations/n_model_T=41_nu=1_rho=1_N0=98500_a=0.0545_b=1.33_w0=269781.dat,13279.070383524595,5073.014369149766,0.06615489797644829
41,1.0,1.0,99000,0.0545,1.33,269781,data_simulations/model_T=41_nu=1_rho=1_N0=99000_a=0.0545_b=1.33_w0=269781.dat,data_simulations/n_model_T=41_nu=1_rho=1_N0=99000_a=0.0545_b=1.33_w0=269781.dat,13341.870834691812,5137.001600992548,0.06612806226271734
41,1.0,1.0,99500,0.0545,1.33,269781,data_simulations/model_T=41_nu=1_rho=1_N0=99500_a=0.0545_b=1.33_w0=269781.dat,data_simulations/n_model_T=41_nu=1_rho=1_N0=99500_a=0.0545_b=1.33_w0=269781.dat,13401.890153616392,5224.977329252252,0.06612008902633566
41,1.0,1.0,100000,0.0545,1.33,269781,data_simulations/model_T=41_nu=1_rho=1_N0=100000_a=0.0545_b=1.33_w0=269781.dat,data_simulations/n_model_T=41_nu=1_rho=1_N0=100000_a=0.0545_b=1.33_w0=269781.dat,13468.79708603556,5319.167937393968,0.06612121908399338
41,1.0,1.0,100500,0.0545,1.33,269781,data_simulations/model_T=41_nu=1_rho=1_N0=100500_a=0.0545_b=1.33_w0=269781.dat,data_simulations/n_model_T=41_nu=1_rho=1_N0=100500_a=0.0545_b=1.33_w0=269781.dat,13530.793749806402,5416.668940243625,0.06610892934421286
41,1.0,1.0,101000,0.0545,1.33,269781,data_simulations/model_T=41_nu=1_rho=1_N0=101000_a=0.0545_b=1.33_w0=269781.dat,data_simulations/n_model_T=41_nu=1_rho=1_N0=101000_a=0.0545_b=1.33_w0=269781.dat,13587.39737429505,5497.291176497748,0.06614609481376682
41,1.0,1.0,101500,0.0545,1.33,269781,data_simulations/model_T=41_nu=1_rho=1_N0=101500_a=0.0545_b=1.33_w0=269781.dat,data_simulations/n_model_T=41_nu=1_rho=1_N0=101500_a=0.0545_b=1.33_w0=269781.dat,13654.108640163957,5603.599112659648,0.06614233177924604
41,1.0,1.0,102000,0.0545,1.33,269781,data_simulations/model_T=41_nu=1_rho=1_N0=102000_a=0.0545_b=1.33_w0=269781.dat,data_simulations/n_model_T=41_nu=1_rho=1_N0=102000_a=0.0545_b=1.33_w0=269781.dat,13733.115881619873,5741.433496192392,0.06616052335320477
41,1.0,1.0,102500,0.0545,1.33,269781,data_simulations/model_T=41_nu=1_rho=1_N0=102500_a=0.0545_b=1.33_w0=269781.dat,data_simulations/n_model_T=41_nu=1_rho=1_N0=102500_a=0.0545_b=1.33_w0=269781.dat,13815.302022431504,5887.919475994895,0.06611491184367924
41,1.0,1.0,103000,0.0545,1.33,269781,data_simulations/model_T=41_nu=1_rho=1_N0=103000_a=0.0545_b=1.33_w0=269781.dat,data_simulations/n_model_T=41_nu=1_rho=1_N0=103000_a=0.0545_b=1.33_w0=269781.dat,13895.65890485946,6029.8221392674595,0.06612114587761422
41,1.0,1.0,103500,0.0545,1.33,269781,data_simulations/model_T=41_nu=1_rho=1_N0=103500_a=0.0545_b=1.33_w0=269781.dat,data_simulations/n_model_T=41_nu=1_rho=1_N0=103500_a=0.0545_b=1.33_w0=269781.dat,13976.303840508048,6181.309587360918,0.06613846607801098
41,1.0,1.0,104000,0.0545,1.33,269781,data_simulations/model_T=41_nu=1_rho=1_N0=104000_a=0.0545_b=1.33_w0=269781.dat,data_simulations/n_model_T=41_nu=1_rho=1_N0=104000_a=0.0545_b=1.33_w0=269781.dat,14055.249326475856,6323.934166086804,0.06614198179823902
41,1.0,1.0,104500,0.0545,1.33,269781,data_simulations/model_T=41_nu=1_rho=1_N0=104500_a=0.0545_b=1.33_w0=269781.dat,data_simulations/n_model_T=41_nu=1_rho=1_N0=104500_a=0.0545_b=1.33_w0=269781.dat,14126.400105129404,6471.918411058656,0.06613989666173789
41,1.0,1.0,105000,0.0545,1.33,269781,data_simulations/model_T=41_nu=1_rho=1_N0=105000_a=0.0545_b=1.33_w0=269781.dat,data_simulations/n_model_T=41_nu=1_rho=1_N0=105000_a=0.0545_b=1.33_w0=269781.dat,14199.61473939346,6624.610705226383,0.06613712382749408
41,1.0,1.0,120000,0.0545,1.33,269781,data_simulations/model_T=41_nu=1_rho=1_N0=120000_a=0.0545_b=1.33_w0=269781.dat,data_simulations/n_model_T=41_nu=1_rho=1_N0=120000_a=0.0545_b=1.33_w0=269781.dat,16749.300904485535,11839.15414456624,0.0673441799321501
41,1.0,1.0,130000,0.0545,1.33,269781,data_simulations/model_T=41_nu=1_rho=1_N0=130000_a=0.0545_b=1.33_w0=269781.dat,data_simulations/n_model_T=41_nu=1_rho=1_N0=130000_a=0.0545_b=1.33_w0=269781.dat,18433.248899241826,15131.585830850645,0.06863671273251651
41,1.0,1.0,140000,0.0545,1.33,269781,data_simulations/model_T=41_nu=1_rho=1_N0=140000_a=0.0545_b=1.33_w0=269781.dat,data_simulations/n_model_T=41_nu=1_rho=1_N0=140000_a=0.0545_b=1.33_w0=269781.dat,20100.71460415276,18199.440929951666,0.07008277721539628
41,1.0,1.0,150000,0.0545,1.33,269781,data_simulations/model_T=41_nu=1_rho=1_N0=150000_a=0.0545_b=1.33_w0=269781.dat,data_simulations/n_model_T=41_nu=1_rho=1_N0=150000_a=0.0545_b=1.33_w0=269781.dat,21731.978805502273,21108.508645079593,0.07165299310969905
41,1.0,1.0,160000,0.0545,1.33,269781,data_simulations/model_T=41_nu=1_rho=1_N0=160000_a=0.0545_b=1.33_w0=269781.dat,data_simulations/n_model_T=41_nu=1_rho=1_N0=160000_a=0.0545_b=1.33_w0=269781.dat,23263.623563434827,23777.21213347772,0.0732706848573123
